Time,V1,V2,V3,V4,V5,V6,V7,V8,V9,V10,V11,V12,V13,V14,V15,V16,V17,V18,V19,V20,V21,V22,V23,V24,V25,V26,V27,V28,Amount,Class
0,-1.359807134,-0.07278117331,2.536346738,1.378155224,-0.3383207699,0.4623877778,0.2395985541,0.09869790126,0.3637869696,0.09079417198,-0.5515995333,-0.6178008558,-0.9913898472,-0.3111693537,1.468176972,-0.4704005253,0.2079712419,0.0257905802,0.4039929603,0.2514120982,-0.01830677794,0.2778375756,-0.1104739102,0.06692807491,0.1285393583,-0.1891148439,0.1335583767,-0.02105305345,149.62,0
0,1.191857111,0.2661507121,0.1664801134,0.4481540785,0.06001764928,-0.08236080882,-0.07880298333,0.08510165491,-0.2554251281,-0.166974414,1.612726661,1.065235311,0.4890950159,-0.1437722964,0.6355580933,0.463917041,-0.1148046631,-0.1833612701,-0.1457830413,-0.06908313522,-0.225775248,-0.6386719528,0.1012880213,-0.3398464755,0.1671704044,0.1258945324,-0.008983099143,0.01472416919,2.69,0
1,-1.358354062,-1.340163075,1.773209343,0.379779593,-0.5031981333,1.800499381,0.7914609565,0.2476757866,-1.514654323,0.2076428652,0.6245014594,0.06608368527,0.7172927314,-0.1659459228,2.345864949,-2.890083194,1.109969379,-0.1213593132,-2.261857095,0.5249797252,0.2479981535,0.7716794019,0.9094122623,-0.6892809565,-0.3276418337,-0.1390965715,-0.05535279404,-0.05975184059,378.66,0
1,-0.9662717116,-0.1852260081,1.79299334,-0.863291275,-0.0103088796,1.247203168,0.2376089398,0.3774358747,-1.387024063,-0.05495192247,-0.2264872638,0.1782282259,0.50775687,-0.2879237455,-0.6314181177,-1.059647245,-0.6840927863,1.965775003,-1.23262197,-0.2080377812,-0.108300452,0.005273596783,-0.1903205187,-1.175575332,0.6473760346,-0.2219288445,0.06272284873,0.0614576285,123.5,0
2,-1.158233093,0.8777367548,1.548717847,0.403033934,-0.4071933773,0.09592146247,0.5929407454,-0.2705326772,0.8177393082,0.753074432,-0.8228428779,0.5381955501,1.345851593,-1.119669835,0.17512113,-0.4514491828,-0.2370332394,-0.03819478704,0.803486925,0.4085423604,-0.009430697132,0.7982784946,-0.1374580796,0.1412669838,-0.2060095876,0.5022922242,0.2194222295,0.2151531475,69.99,0
2,-0.4259658844,0.9605230449,1.141109342,-0.1682520798,0.4209868808,-0.02972755166,0.4762009487,0.2603143331,-0.5686713757,-0.3714071968,1.34126198,0.359893837,-0.3580906526,-0.1371337002,0.5176168066,0.4017258956,-0.05813282336,0.06865314944,-0.03319378779,0.08496767207,-0.2082535147,-0.5598247963,-0.02639766798,-0.3714265832,-0.2327938167,0.1059147791,0.2538442247,0.08108025692,3.67,0
4,1.229657635,0.141003507,0.04537077359,1.202612737,0.1918809886,0.2727081229,-0.005159002883,0.08121293988,0.4649599948,-0.09925432113,-1.416907243,-0.1538258263,-0.7510627156,0.1673719625,0.05014359423,-0.4435867979,0.002820512472,-0.6119873399,-0.04557504466,-0.2196325528,-0.1677162658,-0.2707097262,-0.1541037868,-0.780055415,0.7501369358,-0.2572368459,0.03450742974,0.005167768906,4.99,0
7,-0.6442694423,1.417963545,1.074380376,-0.4921990185,0.9489340948,0.4281184628,1.120631358,-3.807864239,0.6153747307,1.249376178,-0.6194677961,0.2914743531,1.757964214,-1.32386522,0.6861325044,-0.07612699944,-1.222127345,-0.3582215699,0.3245047313,-0.1567418525,1.94346534,-1.01545471,0.05750352987,-0.6497090056,-0.4152665662,-0.05163429693,-1.206921081,-1.085339188,40.8,0
7,-0.8942860822,0.2861571963,-0.1131922127,-0.2715261301,2.66959866,3.721818061,0.3701451277,0.8510844432,-0.3920475868,-0.4104304328,-0.7051165866,-0.1104522617,-0.2862536325,0.0743553603,-0.3287830503,-0.2100772681,-0.4997679688,0.118764861,0.5703281675,0.05273566911,-0.07342510011,-0.2680916322,-0.2042326699,1.011591802,0.3732046801,-0.3841573077,0.01174735646,0.1424043299,93.2,0
9,-0.3382617524,1.119593376,1.044366552,-0.2221872767,0.4993608065,-0.2467611006,0.6515832065,0.06953858652,-0.7367273164,-0.3668456392,1.017614468,0.8363895703,1.006843514,-0.4435228169,0.1502191014,0.7394527771,-0.5409799219,0.47667726,0.4517729644,0.2037114547,-0.2469139369,-0.6337526424,-0.1207940841,-0.3850499253,-0.06973304604,0.09419883395,0.2462193046,0.08307564935,3.68,0
10,1.449043781,-1.176338825,0.9138598328,-1.375666655,-1.971383165,-0.6291521389,-1.423235601,0.04845588791,-1.720408393,1.626659058,1.19964395,-0.6714397785,-0.5139471525,-0.0950450454,0.2309304091,0.03196746679,0.2534147159,0.8543438143,-0.2213654136,-0.3872264744,-0.009301896525,0.3138944108,0.02774015802,0.5005122871,0.2513673587,-0.1294779537,0.04284987094,0.01625326194,7.8,0
10,0.3849782152,0.6161094592,-0.8742997026,-0.09401862597,2.924584378,3.317027168,0.4704546718,0.5382472284,-0.5588946124,0.3097553942,-0.2591155637,-0.326143234,-0.0900467227,0.3628323686,0.9289036606,-0.1294868114,-0.809978926,0.3599853902,0.7076638264,0.1259915756,0.04992368589,0.2384215122,0.009129868613,0.9967102096,-0.7673148272,-0.4922082953,0.04247244192,-0.05433738837,9.99,0
10,1.249998742,-1.221636809,0.3839301513,-1.234898688,-1.485419474,-0.7532301646,-0.6894049754,-0.2274872275,-2.094010573,1.323729274,0.2276662312,-0.2426819989,1.205416808,-0.317630527,0.7256749902,-0.815612186,0.8739364476,-0.8477885988,-0.6831926263,-0.1027559415,-0.2318092392,-0.4832853301,0.08466769086,0.3928308853,0.1611345536,-0.3549900397,0.02641554908,0.04242208873,121.5,0
11,1.069373588,0.2877221293,0.8286127266,2.71252043,-0.1783980162,0.3375437303,-0.09671686174,0.1159817355,-0.2210825662,0.4602304443,-0.7736569305,0.3233872455,-0.01107588709,-0.1784851752,-0.6555642782,-0.1999251713,0.1240054152,-0.9804962015,-0.9829160821,-0.153197231,-0.03687553173,0.07441240282,-0.0714074333,0.1047437526,0.5482647254,0.1040941532,0.02149105836,0.02129331148,27.5,0
12,-2.791854766,-0.3277707567,1.641750161,1.767472744,-0.1365884465,0.8075964683,-0.4229113897,-1.907107476,0.7557129083,1.151086988,0.844555471,0.7929439518,0.3704480928,-0.7349751058,0.4067957104,-0.3030576238,-0.1558687148,0.778265457,2.221868014,-1.582122044,1.151663048,0.2221819661,1.020586204,0.02831665132,-0.2327463243,-0.2355572175,-0.1647775118,-0.03015363656,58.8,0
12,-0.752417043,0.3454854153,2.057322913,-1.468643298,-1.15839368,-0.07784982912,-0.6085814182,0.003603484362,-0.4361669835,0.7477308272,-0.7939806028,-0.7704067288,1.047626997,-1.066603681,1.106953457,1.660113557,-0.2792653732,-0.4199941412,0.4325353486,0.2634508644,0.4996249547,1.353650486,-0.2565732804,-0.06508370788,-0.03912435354,-0.08708647321,-0.1809975001,0.1293940594,15.99,0
12,1.103215435,-0.0402962146,1.267332089,1.28909147,-0.7359971636,0.288069163,-0.5860567863,0.1893797137,0.7823328918,-0.2679750665,-0.4503112795,0.936707715,0.7083804062,-0.4686472877,0.3545740634,-0.2466346557,-0.009212377727,-0.5959124057,-0.5756816223,-0.113910177,-0.02461200634,0.1960019528,0.01380165414,0.103758331,0.3642975406,-0.3822605741,0.09280918746,0.03705051698,12.99,0
13,-0.4369050714,0.9189662129,0.9245907744,-0.7272190536,0.9156787181,-0.1278673521,0.7076416073,0.08796235547,-0.6652713541,-0.7379798236,0.3240978135,0.2771921072,0.2526242563,-0.2918964604,-0.1845201693,1.143173707,-0.9287092627,0.6804695926,0.02543646169,-0.04702128232,-0.1947958238,-0.672637997,-0.1568575145,-0.8883863209,-0.3424132188,-0.04902672863,0.07969239916,0.1310237895,0.89,0
14,-5.401257663,-5.450147834,1.186304631,1.7362388,3.049105878,-1.763405574,-1.559737699,0.1608417473,1.23308974,0.3451728271,0.9172298677,0.9701167161,-0.2665677649,-0.4791299293,-0.5266085026,0.4720041118,-0.725480945,0.07508135154,-0.4068665732,-2.196848025,-0.503600329,0.9844597856,2.458588576,0.04211889699,-0.481630824,-0.6212720137,0.3920532896,0.9495942455,46.8,0
15,1.492935977,-1.029345732,0.4547947337,-1.43802588,-1.555434101,-0.720961147,-1.08066413,-0.05312711795,-1.978681595,1.638076037,1.077542412,-0.6320465146,-0.4169571666,0.05201051537,-0.04297892282,-0.1664324965,0.3042414186,0.5544324991,0.05422951522,-0.3879101726,-0.1776498464,-0.1750738091,0.04000221906,0.2958138627,0.3329305994,-0.2203848507,0.02229843591,0.0076022556,5,0
16,0.6948847756,-1.361819103,1.02922104,0.8341592992,-1.191208794,1.309108819,-0.8785859115,0.4452901278,-0.4461958316,0.5685207351,1.019150613,1.298328701,0.4204802653,-0.3726509972,-0.8079795128,-2.044557483,0.515663469,0.6258472984,-1.300408169,-0.1383339404,-0.2955829316,-0.5719550068,-0.0508807005,-0.304214501,0.07200100614,-0.4222344304,0.08655339809,0.06349864934,231.71,0
17,0.9624960699,0.3284610261,-0.1714790542,2.109204068,1.129565571,1.696037686,0.1077116073,0.5215021638,-1.191311102,0.7243963146,1.690329921,0.4067735756,-0.9364212959,0.9837394191,0.7109107661,-0.6022317722,0.4024843756,-1.737162035,-2.027612322,-0.2693209665,0.1439974234,0.4024916614,-0.04850822117,-1.371866295,0.3908138854,0.1999636575,0.01637064328,-0.01460532767,34.09,0
18,1.166616382,0.5021200879,-0.06730031437,2.261569239,0.4288041946,0.08947351673,0.2411465799,0.1380817052,-0.9891623953,0.9221749671,0.7447857894,-0.5313772501,-2.10534645,1.126870105,0.003075322515,0.4244245064,-0.4544752917,-0.09887062721,-0.8165973069,-0.3071685087,0.01870187199,-0.06197226723,-0.1038549218,-0.3704151767,0.6032003387,0.1085558728,-0.04052070556,-0.0114178153,2.28,0
18,0.2474911278,0.2776656274,1.185470842,-0.09260254986,-1.314393979,-0.1501159976,-0.9463649501,-1.617935051,1.544071402,-0.8298806007,-0.5831995269,0.5249332322,-0.4533752966,0.08139308756,1.555204196,-1.396894893,0.7831308383,0.4366212139,2.177807168,-0.2309831429,1.650180361,0.200454091,-0.1853525081,0.423073148,0.8205912618,-0.2276318639,0.3366344469,0.2504753524,22.75,0
22,-1.946525131,-0.04490050544,-0.4055700684,-1.013057337,2.9419677,2.955053397,-0.06306314736,0.855546309,0.04996690023,0.573742508,-0.08125651474,-0.2157450033,0.04416062778,0.03389775668,1.190717675,0.5788434753,-0.9756670255,0.04406281778,0.488602869,-0.2167152544,-0.5795259344,-0.7992289529,0.8703002153,0.9834214925,0.3212011326,0.1496498769,0.7075188364,0.01459975153,0.89,0
22,-2.074294672,-0.1214817995,1.32202063,0.4100075142,0.2951975458,-0.9595372298,0.5439854913,-0.1046267281,0.4756640179,0.1494506153,-0.856566364,-0.180523156,-0.6552329304,-0.2797968556,-0.2116679551,-0.3333206097,0.01075109425,-0.4884726663,0.5057510345,-0.3866935732,-0.4036394988,-0.2274040041,0.7424348641,0.3985348554,0.2492121615,0.2744042739,0.3599693564,0.2432316718,26.43,0
23,1.17328461,0.3534978766,0.2839050653,1.133563318,-0.1725771818,-0.9160537069,0.3690248454,-0.3272602422,-0.2466510279,-0.04613930227,-0.1434185273,0.9793503757,1.492285435,0.1014175259,0.7614775453,-0.01458408247,-0.5116401166,-0.3250563546,-0.3909337977,0.02787790873,0.06700330449,0.2278119276,-0.1504872248,0.4350451034,0.7248245796,-0.3370820599,0.01636837927,0.03004119084,41.88,0
23,1.322707269,-0.1740408329,0.4345550313,0.5760376524,-0.836758046,-0.8310834115,-0.2649049608,-0.2209819427,-1.071424618,0.8685585476,-0.6415062898,-0.111315775,0.3614854098,0.1719451219,0.7821665318,-1.35587073,-0.216935153,1.271765385,-1.240621935,-0.5229509407,-0.2843755722,-0.3233574106,-0.03770990506,0.3471509388,0.5596391365,-0.2801581658,0.04233525764,0.02882230023,16,0
23,-0.4142888101,0.9054373226,1.727452944,1.473471267,0.007442741173,-0.2003306774,0.7402283194,-0.02924740001,-0.5933920191,-0.3461882313,-0.0121421885,0.7867963161,0.6359538833,-0.08632447195,0.0768036872,-1.405919334,0.7755917384,-0.9428889275,0.5439694616,0.09730759109,0.077237434,0.4573305987,-0.03849972458,0.6425219028,-0.1838913353,-0.2774640195,0.1826874865,0.152664645,33,0
23,1.059387115,-0.1753191867,1.266129643,1.186109955,-0.7860017528,0.5784352765,-0.7670842764,0.4010461491,0.6994996759,-0.06473755568,1.048292488,1.005618365,-0.5420015792,-0.03991450247,-0.2186832477,0.004475682199,-0.1935540387,0.04238796195,-0.2778337205,-0.1780233674,0.01367629392,0.2137336101,0.01446184947,0.002950859915,0.2946380148,-0.3950695051,0.08146111725,0.02422034856,12.99,0
24,1.23742903,0.06104258419,0.3805258798,0.7615641114,-0.3597707104,-0.4940841499,0.006494218108,-0.1338623797,0.4388097367,-0.2073580455,-0.9291821148,0.5271060606,0.3486759011,-0.1525351386,-0.2183856296,-0.1915518183,-0.1165806027,-0.6337908165,0.3484158011,-0.06635133454,-0.2456824983,-0.5309002562,-0.04426539682,0.07916802886,0.5091356895,0.2888578339,-0.02270498166,0.01183623143,17.28,0
25,1.114008595,0.08554608969,0.4937024874,1.335759985,-0.300188551,-0.01075378343,-0.1187600151,0.1886166959,0.2056868491,0.08226225876,1.133555671,0.6266990025,-1.492780392,0.5207878939,-0.6745925969,-0.5291082419,0.1582561979,-0.3987514793,-0.145708909,-0.2738323673,-0.05323366039,-0.004760151212,-0.03147017039,0.1980537181,0.5650073129,-0.3377181262,0.02905740212,0.004452631432,4.45,0
26,-0.5299122842,0.8738915815,1.347247329,0.1454566766,0.4142088584,0.1002230941,0.711206083,0.1760659571,-0.2867169347,-0.4846876832,0.8724895901,0.8516358599,-0.5717453029,0.100974273,-1.519771833,-0.2843759783,-0.3105235849,-0.4042478688,-0.8233735239,-0.2903476109,0.04694906711,0.2081048551,-0.1855483468,0.001030659833,0.0988157011,-0.552903603,-0.07328808357,0.02330704511,6.14,0
26,-0.5299122842,0.8738915815,1.347247329,0.1454566766,0.4142088584,0.1002230941,0.711206083,0.1760659571,-0.2867169347,-0.4846876832,0.8724895901,0.8516358599,-0.5717453029,0.100974273,-1.519771833,-0.2843759783,-0.3105235849,-0.4042478688,-0.8233735239,-0.2903476109,0.04694906711,0.2081048551,-0.1855483468,0.001030659833,0.0988157011,-0.552903603,-0.07328808357,0.02330704511,6.14,0
26,-0.5353877631,0.8652678076,1.351076288,0.1475754745,0.4336802121,0.08698293812,0.6930393111,0.1797422607,-0.2856418612,-0.4824744712,0.8717995804,0.853447435,-0.5718218914,0.102252103,-1.519991203,-0.2859124971,-0.3096333868,-0.4039019929,-0.8237429945,-0.2832637822,0.04952568669,0.206536543,-0.1871080698,0.0007530142575,0.09811660595,-0.5534709688,-0.07830550217,0.02542737752,1.77,0
26,-0.5353877631,0.8652678076,1.351076288,0.1475754745,0.4336802121,0.08698293812,0.6930393111,0.1797422607,-0.2856418612,-0.4824744712,0.8717995804,0.853447435,-0.5718218914,0.102252103,-1.519991203,-0.2859124971,-0.3096333868,-0.4039019929,-0.8237429945,-0.2832637822,0.04952568669,0.206536543,-0.1871080698,0.0007530142575,0.09811660595,-0.5534709688,-0.07830550217,0.02542737752,1.77,0
27,-0.2460459487,0.4732669034,1.695737554,0.262411488,-0.01086641365,-0.6108359353,0.7939365455,-0.2472528309,0.1388791138,-0.4010070683,-0.8120503819,-0.1835244624,-0.6301128871,-0.2862174511,-0.3370463236,-0.4281054736,-0.03060210833,-0.5045681663,0.3551802783,0.04572112726,-0.1945999352,-0.3351327259,-0.07817960635,0.3927838915,-0.03115714677,0.1980367995,-0.1753473007,-0.2036161557,30.49,0
27,-1.452187279,1.765123739,0.6116685408,1.176824984,-0.4459798921,0.2468264519,-0.2575661557,1.092472497,-0.6075244612,0.047155553,0.7837268532,1.096385674,-0.2680942057,0.7686480401,-0.5243673542,-0.8088161471,0.7103860674,-0.118368787,0.9792878355,0.008713333797,0.08227981722,0.3257821908,-0.06910739108,0.02096199662,-0.0446684875,-0.2434413917,0.1491803252,0.1205569079,1.8,0
29,0.9963695316,-0.1225887872,0.5468194726,0.7065795411,0.1345595574,1.156995112,-0.2945613314,0.4074290994,0.3378626636,-0.4081504926,0.6826461239,1.253719685,0.3919170441,-0.03751085836,0.7953015195,-1.668210591,1.322994882,-2.830035229,-1.463431688,-0.2034612098,-0.07630183655,0.1088669134,0.1622309403,-0.5756240478,0.1097949146,0.3738133673,0.05055219728,0.0051055592,20.53,0
29,1.110880342,0.1687167707,0.5171439604,1.32540692,-0.1915733538,0.01950372265,-0.0318491084,0.1176199196,0.01766472073,0.04486479145,1.345074799,1.286339621,-0.2522670657,0.2744576823,-0.8103943724,-0.5870050634,0.08745107385,-0.5504736282,-0.1547493551,-0.1901197108,-0.0377086545,0.09570146204,-0.04819764686,0.2321149391,0.606200749,-0.342096829,0.03676960532,0.007479960731,6.54,0
32,1.24905472,-0.624727077,-0.7105889035,-0.9916003609,1.429973192,3.692977019,-1.090208641,0.9672908155,0.8501485195,-0.3070811118,-0.4562453083,0.2299813498,-0.01691309959,-0.2208460861,0.3624176989,0.3152223042,-0.5122654454,0.1189946187,0.5747201595,0.09785269215,-0.006292714156,0.009200224511,-0.1294632006,1.11297017,0.5003821086,1.196549199,-0.04822043544,0.005093621984,29.89,0
32,-2.008871795,2.198526503,0.1442417399,1.159432262,-0.8151742878,0.1822882713,-0.6171083015,1.530816728,-0.5868322863,0.1298757508,0.6584794483,1.265049218,-0.2065181664,1.013603212,-0.5494135096,-0.7080342013,0.8696431695,-0.0956595595,0.9443954091,0.02874012491,0.09491730668,0.2949827044,0.01108138386,0.0152493721,0.03421063634,-0.2361411016,0.1282906726,0.1179859899,2.35,0
33,-0.607877143,1.031345078,1.740449737,1.23210555,0.4185922602,0.119168119,0.8508926663,-0.1762674189,-0.243501348,0.1484554898,-0.3870030942,0.3982992766,0.4819167485,-0.3654390926,0.2355445721,-1.34781146,0.5046482596,-0.7984045108,0.7597103073,0.2543247778,-0.08732919095,0.2583152799,-0.2647750229,0.1182823671,0.1735080811,-0.2170412868,0.0943119126,-0.03304129603,14.8,0
33,-0.935731509,0.1704157742,2.746261269,-1.077964912,-0.305594036,0.01157703924,-0.2961784507,0.4027755697,-0.04047174631,-0.8520459756,1.552109306,0.9535610305,0.4154299021,-0.2338999248,0.452335832,0.844368277,-0.8227390855,0.3388216217,-1.214234428,-0.00541945029,0.4012120163,1.064864254,-0.1583254356,0.2955054863,-0.2593696476,0.7541947226,0.04666376982,0.09394791823,9.1,0
34,-0.7622556657,0.127767752,2.650056386,-1.875662771,-0.8933563981,-0.2687148895,-0.4198635966,0.1462334067,-0.8696352902,-0.0386516694,-0.6861243871,-0.5029108786,1.380826322,-1.039124606,0.652842089,1.898747563,-0.4584135491,-0.5598032425,-0.2951026399,0.3593929057,0.4333496415,1.260402664,-0.4047000362,0.09494552328,0.4809759769,-0.09068467972,0.3192229727,0.1355999246,15.99,0
34,1.138315566,0.05695597,0.6494189646,0.8730620409,-0.4684663307,-0.4101945522,-0.0138975543,-0.07243960932,0.306787909,-0.2699526374,-0.002601847823,1.124304216,0.7442066842,-0.1883534214,-0.07566196256,-0.7091922717,0.3812191025,-1.372080174,-0.2737011493,-0.07835463281,-0.1642224148,-0.2474005392,0.0594050645,0.4562864652,0.3610040035,0.2744141458,-0.002498362447,0.01710884694,21.34,0
34,-0.2915402446,0.4455753137,1.249752116,-1.73573589,0.08575555872,-0.1219242991,0.4077158571,0.09530937763,0.8159022868,-1.491188012,-0.8461913804,0.05653255009,-0.05895353001,0.1519226018,1.982594882,-0.4432950544,-0.318251412,0.06478716651,0.6135052723,-0.03352234455,-0.06490614697,-0.1204489817,-0.1565256337,-0.8002128509,-0.00062039169,-0.8352033072,0.1310014208,0.06289626995,18.95,0
34,0.2016858914,0.4974832154,1.373912574,0.5714053176,-0.6306577501,-0.5396591238,-0.07627029081,-0.91710575,0.2700084062,-0.4802806821,-0.51253274,0.6809062587,0.08992303652,-0.1574050569,-0.5888193317,-0.4779084457,0.2253887956,-0.6686801592,-0.02359942131,-0.2223025922,0.7189610699,-0.1718768702,-0.1662052546,0.7764713238,0.8184603555,0.4425474554,0.1427572469,0.2192376097,9.99,0
35,1.386396974,-0.7942094654,0.7782241906,-0.8647084339,-1.06413228,0.3512961736,-1.191454583,0.05268563431,-0.3044040393,0.5765168089,-1.631111762,0.04255951212,2.047898316,-0.7393384286,1.456222044,-0.272049583,-0.9320073984,1.9265322,-0.6599391729,-0.2730328866,-0.2287266456,-0.1235224201,-0.1310251216,-0.9296681789,0.1813790065,1.194928064,0.0005313318862,0.01991062294,30.9,0
35,-1.063235679,1.418190626,1.086672863,1.2414396,0.002306126111,0.04590158122,0.5141208966,0.2412524035,-0.154499951,0.2806726221,-0.5319480281,0.589857529,0.5550869561,-0.1163573289,0.1658861712,-1.237210027,0.6384142333,-0.7760705946,0.69280589,0.2350089257,-0.05722847022,0.314152998,-0.1298629283,0.1142837079,-0.02781247695,-0.2599370156,0.1187536397,-0.008956297798,20.22,0
35,1.199355934,0.1299531545,0.8635849708,1.002634769,-0.7837610146,-0.8846790057,-0.04074327576,-0.2080685117,0.3924778716,-0.2481778999,-0.09536275247,1.314131048,1.091681409,-0.4093463523,-0.5779941046,-0.5812837424,0.2123426798,-0.893181253,-0.02065288535,-0.07262012593,-0.04246808573,0.1984740519,-0.03300997512,1.013290131,0.5590975113,0.4018175344,-0.00586465649,0.01793603192,0.99,0
36,-1.004929339,-0.9859776814,-0.03803882896,3.710061359,-6.631950832,5.122102581,4.371691256,-2.006867506,-0.2787364607,-0.2308729234,0.1451552632,-0.06315605046,-0.7995850706,-0.341956368,-0.9305297819,0.5105101855,0.09242810606,0.8239841322,1.1903978,-0.001979977692,1.393406004,-0.3816713952,0.9697191756,0.01944479584,0.5709228135,0.3332777817,0.8573731924,-0.07553824616,1402.95,0
36,-1.169422458,1.15831387,1.406799536,0.8601888973,-0.1038098888,0.1220347796,0.2644513771,-0.1087665886,-0.1819766111,0.6595926489,0.4563168899,-0.0977627102,-0.3461586863,0.2101823914,2.345229333,-1.172647683,0.8600188736,-1.154224266,0.8587680264,-0.1205601779,0.02449790388,-0.1201531584,0.2129860452,0.08753576337,-0.946529684,0.2267003887,-0.8101007684,0.2349565813,7.99,0
36,1.095524606,-0.1160853457,1.397911915,1.4975469,-1.049123999,0.0728385348,-0.7238020803,0.287532473,0.9963268124,-0.1491446528,-0.5082916687,-0.02784090298,-1.321559752,-0.06240446666,0.5057505356,-0.2092984706,0.207536534,-0.4713347069,-0.7362975822,-0.2750345786,-0.03323417231,0.09326188455,0.0894983953,0.3612612977,0.2509629476,-0.3782799797,0.08102389969,0.03422693816,2.09,0
37,1.295667621,0.3414834514,0.08150519875,0.5667460697,-0.1104587733,-0.7663247927,0.0731549034,-0.1683041376,0.07183711002,-0.2810439942,-0.5495339389,0.0490931625,0.3039500228,-0.3167501925,1.134897205,0.6359095774,-0.1997631661,-0.1220510642,0.004516181579,-0.06598338328,-0.3236072293,-0.9297813721,0.06380880567,-0.1935651146,0.287574218,0.1278809852,-0.02373119309,0.02519967268,0.99,0
38,0.1583317823,0.8726874352,0.965524582,1.802127161,0.139021981,0.1108631,0.5590791859,-0.02907093243,-0.3949122537,0.03267448025,-0.5009189002,0.6319160377,0.7546936166,-0.04765546869,0.3482176168,-1.493526805,0.7572306316,-0.6843692162,1.303358759,0.08983778283,0.1162699657,0.6916850387,0.12111283,0.1161421676,-1.112725012,-0.3033691453,0.3275328039,0.2556213831,21.76,0
39,-0.5540645649,0.215728298,0.844264629,-0.7530673163,0.03484846959,-0.5585972476,1.090400958,-0.2038732315,0.2623936223,-1.35471022,-0.09487987956,0.9537459917,0.8369640391,0.1447522003,1.156609532,-1.933020943,0.7413489575,-0.5136099281,1.567345387,0.383282933,0.2121339734,0.7023376041,-0.005700602097,0.1473464424,0.2456519522,-0.4404562099,0.1471304192,0.1394677317,120.96,0
39,-1.330881575,0.2675402271,-0.1684695736,-0.701232148,3.281971526,3.216389615,-0.05939435231,0.8954304279,-0.01777882382,-0.1657532179,-0.7650473056,-0.01563628273,-0.3566259896,-0.0412000006,-0.7351030999,0.03053331445,-0.7780672878,-0.01515968317,-0.1528240685,-0.1138751913,-0.1510423022,-0.3117263531,-0.3747928127,1.01488604,0.3539918771,-0.510327072,0.1590326711,0.2287079275,13.84,0
40,1.110692004,0.08194190138,0.4060630373,1.290740383,-0.1698131483,0.1209553828,-0.08084520479,0.1743730848,0.152070726,0.06526672319,1.02454977,0.7931371796,-1.015039703,0.4229954516,-0.7066295512,-0.4884553575,0.05853144771,-0.3836272259,-0.07406769808,-0.2198461004,-0.05602398462,-0.01160308643,-0.0704828924,0.004345191457,0.6039286405,-0.3274244513,0.02988968855,0.004944296176,13.84,0
41,1.154312117,0.2654623173,0.3848705241,0.5750070402,-0.2174754647,-0.3915196482,-0.08148895656,0.06278948994,-0.2605833239,-0.1616772169,2.052927777,1.130825934,0.1894845061,-0.0707926117,0.6193451981,0.3185828965,0.09023211203,-0.3314504115,-0.3447212134,-0.09957974562,-0.1932133414,-0.5576850633,0.1694920687,0.1868627041,0.08925198298,0.09362622988,-0.009632640363,0.01966769274,2.67,0
41,0.9860633256,-0.2029645868,-0.4927681474,0.4076912747,0.3056602562,-0.2305291789,0.5850280862,-0.208224591,-0.247503448,-0.192253128,-0.6283174961,0.4303079327,0.8112480199,0.371566359,1.026078849,-0.02850134527,-0.3075461031,-1.099654915,0.01073850638,0.2635050475,-0.3058739326,-1.216555269,-0.07760152563,-0.741340788,0.2868811249,0.2003466955,-0.0752033514,0.02727121859,169.05,0
41,1.138759336,-1.192952827,1.407130836,-0.3300701034,-2.06950346,-0.2421754063,-1.306635114,0.1045104026,0.1346282321,0.4939312774,-0.8951875985,-0.1826954525,0.1460808271,-0.5866108387,0.7971890221,-0.8917208295,-0.07920782117,1.541588494,-0.9835861792,-0.2993074344,-0.1561983717,-0.03056877688,-0.01972338425,0.4337526011,-0.02952145956,1.141241302,-0.008612060317,0.04156389615,96.94,0
41,1.145524387,0.5750679681,0.19400846,2.598191745,-0.09221002266,-1.044429584,0.531587593,-0.2418881266,-0.8962871739,0.7579523308,-0.4489370779,-0.6608633248,-1.308522173,0.7888637941,0.3202944512,0.2954038103,-0.2878784549,-0.4514529229,-1.011446167,-0.191049987,0.01110633382,-0.1197031003,-0.07650952758,0.6913204314,0.6339839771,0.04874127445,-0.05319194164,0.01625149877,34.13,0
42,-0.249361328,0.3992273729,0.06800933371,-1.060618826,2.410399171,3.736573916,0.3164460801,0.6722963058,0.01514016844,-0.2695015622,-0.49512045,-0.16150583,-0.2742144133,-0.2761907676,-0.1724087397,-0.1189621064,-0.5500023911,-0.1480516404,0.7717617828,0.1076763494,-0.2576628411,-0.6167622902,-0.156668822,1.031134943,0.120617108,0.3104940667,-0.2882986243,-0.223964274,32.51,0
42,-0.5226662813,1.009923002,0.2764695946,1.475289459,-0.707012563,0.3552425518,1.559848787,-0.3995786124,-0.4798129936,0.5163522748,0.03433045859,0.5892255121,1.426909802,0.02051024908,1.651336367,-0.9613425692,0.2463600588,-0.407537297,0.9173990116,-0.01301602103,0.1724014772,1.01154336,0.06966627271,0.1578197408,-1.109224318,-0.3023693351,0.3181703373,0.3169095597,243.66,0
44,-0.8999924494,0.1362547822,1.88366471,-0.2089960956,1.05144062,1.905241336,0.2414232501,0.6476307235,-0.05346624962,-0.5041705511,1.254598807,-0.2366291895,-2.51758729,0.3845735071,0.3438320968,-1.370563137,0.9585679816,-1.607241693,-0.64725644,-0.1217258314,-0.08150021773,-0.01692588922,-0.1477062728,-1.384620203,-0.02435209099,0.4126594961,-0.1067762676,-0.1904757733,21.55,0
44,-0.7147640191,0.5149685888,1.821675627,0.6164336331,0.8487756146,-0.1119381369,1.505617082,-0.7981672979,0.2447565588,0.2645541669,-1.108114043,-0.3598602246,-0.1634713945,-0.7839968553,-0.3671528269,-0.6531188899,-0.5042999968,-0.2605603605,0.4352510516,0.1073217163,-0.2200753877,-0.01784471016,-0.4319382916,-0.1304584588,0.3371585916,-0.4400415351,-0.6745261569,-0.473217566,59.9,0
44,-0.9488963828,0.2484136201,2.956914245,2.813749991,0.1455388018,-0.0273529716,0.1337016342,-0.3075349568,-0.1252437606,1.0349396,-0.53264784,-0.1898779662,0.08122218784,-0.9390532676,0.08118723015,-0.1297847534,-0.1743534632,-0.09029099335,0.2224345442,-0.0561863263,-0.08364690654,0.4160900819,0.207536735,0.7160640351,-0.6023111145,-0.06423001436,-0.3150575184,-0.2724633322,0.75,0
44,0.9270602489,-0.3236839717,0.387584831,0.5444739886,0.2467873947,1.650357805,-0.4275760175,0.6153706984,0.226278275,-0.2254952408,1.944544873,1.385159954,-0.4792616708,0.3141662759,0.2141672307,-1.333716473,1.002869021,-2.119313502,-1.053043056,-0.1853903745,-0.04051304797,0.0793594012,0.09663174569,-0.9925686689,0.08509582891,0.3774472053,0.03609642131,-0.005960286078,45.71,0
46,-1.923213204,-0.8704823241,2.320169629,1.988775801,0.417090785,-0.3800137232,0.4721392696,-0.557333241,-0.6490790504,1.410888883,-0.517736958,-0.9852017728,-0.4005947454,-0.8306646359,0.3380094863,0.0299241758,0.3711503111,-1.054318672,1.890363924,-0.3692273983,-0.6864877675,-0.7792675664,1.086055019,0.5188634271,-0.3637120175,3.065575697,-0.5890221746,-0.3961098226,35,0
46,1.006588583,-0.07110535736,0.3476137101,1.329684046,-0.1932395406,0.155418221,0.008573550045,0.1465377012,0.1038443035,0.03183002484,1.070980867,0.9406648262,-0.7294737772,0.3801147846,-0.7291263046,-0.4934024647,0.04355587615,-0.4052896496,-0.09258454384,-0.0913668567,-0.02023868662,-0.01888062437,-0.1209661872,0.02738178852,0.5938636241,-0.334687922,0.0213680104,0.01508040127,67.97,0
46,-0.3782446345,0.7329254731,-0.1201542108,0.1857550721,2.594269492,3.797182651,0.0590879612,0.976768278,-0.4126608649,0.006753688254,-0.6246662422,-0.1158519578,-0.215037273,0.1404494034,0.1602655665,-0.6018901794,-0.1443553152,0.2215574649,1.454852162,0.3155715607,-0.1075818454,-0.1571395174,-0.1946591962,1.013897347,0.1455033668,-0.2376195226,0.4113717374,0.202788455,11.45,0
47,1.197838599,0.2368276177,0.5096050016,0.6576586599,-0.3654878465,-0.7451010672,0.07949744799,-0.1305355192,-0.05226311883,-0.1100578977,0.3071314747,0.6706644292,0.4379736094,0.2690262352,1.127419442,-0.1969225709,0.007703673936,-1.122640478,-0.5909176909,-0.1209814283,-0.1498755967,-0.3742106676,0.1455159858,0.4149839213,0.2121560107,0.1817242499,-0.01640213406,0.01599420899,3.63,0
48,-0.580628965,0.4826839331,1.33312308,-0.2530800227,-0.02846893982,-0.5191657003,0.5032494608,0.1177734829,0.117112238,-0.4204875388,0.4497189137,-0.01786483034,-1.983823179,0.3216634892,-1.42530188,0.1251941634,-0.4044094516,0.09777685722,-0.02053126791,-0.2987507302,-0.04214232625,-0.1487072756,0.001451164977,0.3027644873,-0.6807141992,-0.01555392398,-0.006307004342,0.1642222053,21.66,0
48,-1.793406244,1.854603991,0.9795139766,1.112261526,-0.2064029621,-0.1995456681,0.6166424042,0.06418035318,0.6902715323,1.551723817,-0.1619648417,0.424213061,0.01594440101,-0.4058328183,0.2719304329,-1.423020649,0.676324383,-0.9110483,0.4618454981,0.6678468717,-0.1807225257,0.2351381697,-0.09144157133,0.4176544738,0.1227338462,-0.2329850412,0.8118798415,0.6185683119,26.72,0
49,1.098608346,0.2024235638,0.5254559719,1.323436272,-0.1304864212,0.03992430708,0.0283794159,0.07284107088,-0.09786935198,0.01951299517,1.474413321,1.689674218,0.5067805233,0.1251366645,-0.8927097118,-0.6216791333,0.04434026659,-0.6420939542,-0.161986891,-0.1280408925,-0.02497167845,0.15426426,-0.06314674325,0.2532053071,0.629405435,-0.3453446554,0.04046933787,0.01026375003,13.18,0
49,-0.5496261448,0.4189491535,1.729833252,0.2030653738,-0.1870123876,0.2538775519,0.5008937778,0.251255795,-0.2279848547,-0.5761694199,1.102031894,0.8237078075,-0.5695098836,0.008710073493,-1.04141381,-0.6034030996,0.2254837289,-0.3521325999,0.1949463809,0.01697037067,0.1150624655,0.4185287281,-0.06513278825,0.2649807851,0.003958220342,0.395968889,0.02718210224,0.04350575571,59.99,0
49,0.9215436797,-0.06708375423,0.07746102758,0.953638217,0.06741246291,0.01615246495,0.320451557,0.03853402761,-0.3915126651,0.03156024524,1.39169118,1.07936322,0.1062677117,0.6659852513,0.4422535577,0.122646355,-0.4923915861,-0.535140314,-0.07808183411,0.1200507856,-0.3339295813,-1.299919567,0.08431099034,-0.3703978712,0.1551015654,-0.834490365,0.000909065198,0.03554687572,135.51,0
50,-0.57152075,1.071600449,1.28011025,0.5427800031,0.5744389865,-0.2593592658,1.061148415,-0.4109719679,-0.1791301811,1.003500658,1.062382268,0.1594223881,-0.2898603137,0.005804746355,0.4604409532,-0.2210352646,-0.7758524545,0.657023315,0.8075829187,0.3547306348,0.00355852008,0.5612404864,-0.1992867197,0.001387389382,-0.1795299519,-0.3741157258,0.07164145399,-0.1755104687,9.79,0
50,-0.6717085477,0.5945025944,0.216415944,-0.8673106389,2.966908301,3.632494874,0.5632950747,0.673025597,-0.1887661438,-0.4043782918,-0.6997106262,-0.1841426087,-0.4268130337,-0.1830011082,-0.7477316832,-0.03770757889,-0.8664596385,-0.00725732026,-0.1604320442,-0.002784334376,-0.1364409668,-0.3003620256,-0.3316916234,0.9963824709,0.5024694923,-0.5180430484,-0.2082757551,-0.1160484064,14.8,0
51,1.259873136,0.2542395765,0.5147886283,0.6209242974,-0.4759300988,-0.9922858392,0.0664165098,-0.2092750581,0.03557156538,-0.06761582136,-0.2041072637,0.4025966907,0.3766476944,0.2271350133,1.024996121,0.2995317148,-0.4260460509,-0.5503150656,-0.1198989686,-0.0889700937,-0.2565305359,-0.7392116925,0.1357323809,0.3819898662,0.2193018918,0.09429069259,-0.02868666772,0.01919759109,1.98,0
52,1.147368927,0.05903464455,0.2636323414,1.211023458,-0.04409557883,0.3010665013,-0.1329598557,0.2278851363,0.2521912372,0.08390393812,0.6450464509,0.413361748,-1.468036029,0.5028611879,-0.6269360225,-0.3697160518,-0.03179923957,-0.2153421738,0.05501965036,-0.2559238749,-0.08781341785,-0.1107564068,-0.09777072476,-0.3233741782,0.6332788813,-0.3053278191,0.02739412374,-0.0005804646888,6.67,0
52,-3.005236722,2.600138202,1.483690737,-2.418472955,0.3063264066,-0.8245745319,2.065425639,-1.829346589,4.009258517,6.051521351,2.572500182,0.06685074001,-0.3535743095,-2.837135998,0.2922268797,-0.3037738397,-1.942303145,-0.4354497165,-0.9340161152,2.456724046,-0.8523088584,-0.1812684838,-0.1637465041,0.5158205258,0.136318432,0.4600539675,-0.2512586378,-1.105751157,1.46,0
53,-1.198967674,-1.474100471,1.840325987,-4.515824355,0.3275674282,-0.1744692828,0.9597257055,-1.026456228,1.700434584,-0.0789417612,1.662667145,0.4856192997,-0.933024958,-1.118786565,0.1412530408,-2.811887548,-0.5047458099,0.8912226632,-1.512022437,-0.7698542868,-0.453169417,0.3346140404,-0.3645414125,-0.3101857821,-0.3025994936,-1.243924154,-1.123456545,-0.7343510858,89.17,0
54,1.202398328,0.3217113866,0.2812108945,0.6436885825,-0.1486685962,-0.589738667,0.04841254957,-0.09336124958,-0.04293403636,-0.3432456623,0.2351060505,0.5698819155,0.6763303886,-0.351249746,1.295130059,0.1648597823,0.2464139353,-0.8044625222,-0.5617405428,-0.07075056706,-0.2511131245,-0.680155165,0.1481625265,0.04706150087,0.1570497459,0.1219346415,-0.004607898335,0.02941810909,7.53,0
55,-4.575092608,-4.429183775,3.402585004,0.9039146799,3.002223774,-0.4910777081,-2.705393163,0.6664513022,1.922216172,-0.6143120274,0.384926577,1.194403452,-1.020718454,-1.246829406,-2.348673437,-0.2134375335,-0.1002217448,-0.4060730735,-1.637572519,-0.960962934,-0.04736502892,0.8533599347,-0.9716004292,-0.1148616394,0.4083003918,-0.3045764659,0.5477847887,-0.456296829,200.01,0
55,-0.7734500005,0.8531124944,0.8182535418,-0.2360701612,0.8034625387,-1.438728332,0.7994793648,-0.007988999629,-0.7610895585,-1.044464034,1.504134894,-0.2916341679,-1.615433023,-0.6652868356,-0.2929830458,0.8031060542,0.4621493669,0.8346410946,-0.6517968332,-0.1008584895,0.03536154935,-0.1168903161,-0.1789263468,0.4001551374,-0.02623068391,0.1651556835,0.02776180039,0.1329797885,0.76,0
56,-0.8479983656,1.04345933,1.267368892,1.13552949,0.0213621026,0.3369141041,0.3984797428,0.3173991658,-0.02865794536,0.5340331925,0.8112800749,-0.07100286759,-1.969051595,0.4500064432,-0.2631730734,-0.9683614129,0.4592537237,0.003771192143,1.000716252,0.1286217171,-0.02404610575,0.2150063975,-0.1319815896,-0.007415626813,-0.1365781354,-0.2429607782,0.3829308468,0.2764169357,20.22,0
56,0.08699619052,-0.05198874203,-0.4978824416,-3.151907857,2.558400362,2.79667097,0.4702832708,0.2653328029,0.9195134602,-0.735585688,0.2087249487,0.01713064925,-0.1108669638,-0.04267686951,1.654140364,-0.3926480226,-0.8759602174,0.1839461892,1.259380028,0.1672310883,-0.2394255799,-0.4373421437,0.01842576812,1.013037763,-0.2589265586,-0.2931892526,-0.3949555812,-0.4359955932,10.84,0
59,-0.7732926091,-4.14600725,-0.9320375671,0.02709368389,-1.698307322,0.4601878052,0.7373444745,-0.3142155815,-0.8426725385,0.01727579402,-0.6175603317,-0.1975035355,1.594957593,-0.2598787971,1.221025466,1.324639512,0.1205401856,-1.248648871,-0.005069791085,2.442781774,0.8909777793,0.02612257501,-1.134769337,-0.65495825,0.0983862619,-0.2091499141,-0.1717091564,0.2080566412,1142.02,0
59,0.9210240188,-0.1624468611,-0.09433136739,0.4740839263,-0.0214859606,-0.3975063067,0.4826429785,-0.1174959748,-0.5778360314,-0.01860713714,1.837579183,1.450671064,0.6797439728,0.5937184499,0.2497346977,-0.08436722052,-0.2597072798,-0.8949954605,-0.01037394169,0.2145104479,-0.2093811064,-0.9301072964,0.02850991079,0.03268200911,0.1551304951,0.13325047,-0.07353423082,0.02234914494,149.9,0
60,1.069141385,0.04378592517,0.3098672909,1.316693993,-0.4623936239,-0.8578876043,0.2079036908,-0.191269942,0.0563978989,0.04156745508,-0.5073581248,-0.1086662201,-0.4732573483,0.45204589,1.00567481,0.1854413977,-0.4399757524,0.01253914767,-0.4985879925,-0.001998251424,0.1157754499,0.1647810924,-0.1775640545,0.3918905697,0.6246817381,-0.2883764277,-0.00131183358,0.03581151929,89.4,0
60,1.107029377,0.2164410004,0.5383781497,1.476397993,-0.2519419205,-0.3406797069,0.1540917446,-0.08650254563,0.1444202011,-0.1573746277,-0.1075602977,1.066325657,0.6207883668,-0.07088933767,-0.2038579828,-0.8534794193,0.3364780138,-1.179531721,-0.5017291074,-0.1118525355,-0.06003745011,0.05988412279,-0.04752636648,0.4439924186,0.6402957587,-0.3376571307,0.04210848389,0.02426471001,26.72,0
62,-1.035105818,0.9960131278,2.192470136,-0.1704453028,-0.3023197385,-0.1422557677,0.2234317744,0.2890434101,0.09414089062,-0.1578587328,-0.3863735494,-0.6286336622,-1.023958211,0.0984338747,1.562288762,0.1685777017,-0.1488264113,-0.2859272105,-0.4833638942,0.1802876268,-0.09800000839,-0.1702458441,-0.137227527,0.05522827894,0.07934755421,0.3020326021,0.39137735,0.1965998807,5.99,0
64,1.212510891,-0.0990542956,-1.192094095,0.2863235615,2.160516252,3.61631351,-0.4042068981,0.8423309516,0.1693604207,-0.03052217657,-0.541957258,0.2372120149,-0.2181296487,0.197436521,-0.1478502459,-0.09783014173,-0.5100525012,-0.07093928064,0.3551705837,0.01477743963,-0.1674963365,-0.4946945698,-0.149785451,1.011226555,0.8835477047,-0.3294338106,0.02037014568,0.01703708635,34.7,0
64,-0.6583049341,0.4067905674,2.037460639,-0.2912979744,0.1479098086,-0.350857292,0.9453732131,-0.1725600167,0.02513339848,-0.7781347237,-0.1962898019,0.6329552618,0.3740251716,-0.5315972074,-0.6150625651,-0.5180784592,0.003880895319,-1.288954074,-0.7978044852,0.06413287387,-0.1560957606,-0.2388049649,0.0898771774,0.4211953671,-0.3524871342,0.07478274246,-0.09419216975,-0.0924931304,54.99,0
64,0.9596016585,0.3707113046,0.88861337,2.343244103,0.3524908411,1.365514606,-0.2777707305,0.5160531797,-0.7009290451,0.4682162394,0.7456115099,0.373531003,-0.2239182859,0.4174381421,1.678400143,-0.5157016002,0.6624786683,-2.514235114,-2.589687575,-0.2984045208,-0.1555471607,-0.4032393157,0.3565040341,-0.6968814589,-0.1987179702,-0.2202679155,0.06854619614,0.02079731542,7.55,0
67,-0.6534446273,0.1602250769,1.592255555,1.296832284,0.9971749236,-0.3430003024,0.4699369308,-0.132470082,-0.1977940774,-0.1050055381,-0.5436622109,0.3022330226,0.1412110787,-0.2078804436,0.02410839988,-1.206876592,0.3948363819,-0.7509556302,0.4405584812,0.2259203469,0.03836296798,0.3364490124,-0.01488283284,0.1029590102,-0.2653220601,-0.3486366866,0.01123844913,-0.04947833997,19.85,0
67,-1.494667841,0.8372414,2.628210618,3.145414379,-0.6090983889,0.2584950007,-0.01218861336,0.1021360352,-0.2861635968,1.198556325,-0.5502956687,-0.1068459885,0.2080142882,-0.6805104028,0.5077635832,-0.2602640226,0.2466313239,0.008855504384,0.8994158014,-0.02835193505,-0.1400473581,0.3550441838,0.3327199884,0.7181925171,-0.2193660461,0.1189265514,-0.3174857022,-0.3407833977,28.28,0
68,1.232996465,0.1894537335,0.4910403207,0.6336726614,-0.5115744237,-0.9906087989,0.06624047845,-0.1969402988,0.07592096054,-0.06605989578,-0.2557432566,0.2551567846,0.1052473327,0.2846765413,1.057322113,0.315890891,-0.4119400257,-0.5119115805,-0.1204271065,-0.07787057434,-0.251566497,-0.7701387624,0.1259975046,0.3696273697,0.2055977024,0.09406159428,-0.03313797534,0.02099039402,15.99,0
68,1.156939065,0.03721511718,0.5567990361,0.5195065436,-0.4797538724,-0.3527137512,-0.2224865359,0.1582424394,0.01125172337,0.1055838085,1.612099371,0.3544929498,-1.434536278,0.7969949755,0.7451063796,0.2228682808,-0.2291987492,-0.3648085946,-0.2541046533,-0.2218515851,-0.1826615855,-0.6122677263,0.1973046499,0.1748825161,0.0324965433,0.0994799114,-0.02681579129,0.004198633005,2.69,0
68,-0.7701963826,0.4835724164,1.901071779,-0.001876250116,0.02424478514,-1.171903182,0.6664833609,-0.09460290121,-0.1366656219,-0.8425075327,-0.4082350971,0.503046645,-0.01058859719,-0.2000127649,-0.9086894589,-0.3235948824,-0.02210367273,-0.7966839328,-0.4795054285,-0.03383089011,-0.05733591082,-0.1558012808,0.01810780201,0.9415553685,-0.1685818411,0.05617099693,0.05897936129,0.1341879213,22.36,0
69,0.2985031702,2.142721516,-1.542142972,1.561331906,0.9381080247,-2.145672699,1.405568569,-0.778458743,0.3286364411,0.1274971382,1.612799073,-0.09637703045,0.6547902713,-4.318377859,1.038603486,0.4046868124,2.729168037,1.115863603,-0.7038140313,0.6769537144,-0.2909869266,-0.0002346939343,0.09217442027,0.5862052547,-0.3973138347,-0.4809488807,0.2511450004,-0.2422785997,0.78,0
69,-0.6080269298,0.3066936009,1.47300415,1.191127247,0.02126467127,0.8884424941,1.190491174,0.04214673593,-0.4464256074,-0.0803861173,0.6603955845,-0.1116133461,-1.468983113,0.2853708678,-0.2371729145,-0.9128197177,0.2429062777,0.1227216084,1.175062565,0.3740855864,0.04650638455,0.1651625011,0.06397417619,-0.3337916857,0.131775824,-0.2176919309,-0.08218335284,-0.1167301869,168.56,0
69,-1.766644699,2.352984306,-0.009955159714,-0.3637357158,1.460952506,-0.2048328909,0.9058186646,-3.384123255,0.388546432,0.7910694739,-0.2702595095,0.04739924189,1.642766731,-2.678080725,0.728038853,0.2891078118,0.3844629733,0.4545476992,0.113990423,0.07264518142,1.964253339,-0.8832175686,-0.2476981863,-0.7586055739,0.08645007415,0.202790049,-0.8988576509,-0.9443365845,0.76,0
69,-2.220641827,1.029180718,-0.697723602,-1.268226466,2.802221028,3.322901364,0.1970360053,-0.5212969612,0.8595963589,1.593949266,0.3112027712,-0.4337134741,-0.0873153343,-1.108163644,1.30866895,0.5214811262,-0.7356645027,0.1654090244,0.3145154906,-0.111529834,0.1104479127,-1.178463303,0.5089105022,0.9233852448,0.2137586673,0.03350666771,-0.1420247612,-0.2638440929,9.47,0
70,-0.4260716939,-0.06030376951,2.220828203,0.02474178215,-0.5849639973,0.4606229876,-0.322526141,0.4347763962,1.252403913,-1.012093549,-1.37903159,0.2033175045,-0.8555992215,-0.9261682442,-1.573685405,-0.4930780405,0.3291251767,-0.6181888116,-0.7084063348,-0.2000770726,0.149485235,0.7698777549,-0.09263448199,0.1505361737,-0.2342299957,0.504709599,0.0691581667,0.04102418914,21.8,0
71,1.331897157,-0.5799618432,0.4226055318,-0.8977515262,-0.7462542098,-0.05627323062,-0.7503169634,0.1284839335,-0.9646817783,0.7363914192,1.390981592,-0.008048872289,-0.1294218196,0.09427715104,0.3888191797,1.236618791,0.1515350431,-1.398990322,0.6725750694,0.05248910089,-0.0390703365,-0.2551739451,0.1093326828,-0.32844817,0.1622536562,-0.4472758745,0.02007055212,0.006230543486,14.48,0
73,1.162280884,1.24817825,-1.581317148,1.475024194,1.138357059,-1.020373404,0.638387286,-0.1367622482,-0.8055048963,-1.4440364,2.846914186,0.6275490004,0.3877781375,-3.279054301,0.5534350241,0.9106343116,2.698337459,1.302963477,-0.9101487859,-0.0168002174,-0.124011771,-0.2271498314,-0.1991849335,-0.2897573949,0.7762435757,-0.2839502252,0.05674681503,0.08470645625,1,0
73,1.239048053,0.2932844169,0.08647196044,1.178277364,0.3733438508,0.3255960085,0.1193189791,-0.02547625079,0.1732113629,-0.1541861805,-1.089323262,0.8707139769,1.177662135,-0.2177380132,-0.1610842188,-0.5337629239,-0.108367597,-0.8484249625,-0.05669282371,-0.1035704409,-0.1481361877,-0.1118926347,-0.173207278,-0.7147291286,0.8173599352,-0.2638427516,0.0477768181,0.008735382179,1,0
73,0.9259966126,-0.3580988961,1.376721528,1.900768814,-1.057689863,0.3018851742,-0.4622662259,0.2504243986,1.253958036,-0.4363714297,-0.6812897098,0.9999800283,-0.6532463855,-0.6363893715,-1.702666617,-1.280355074,0.9876382758,-1.478805682,-0.04361226761,-0.1241154554,-0.3475670127,-0.6768074519,0.1005682222,0.5959887126,0.3221220785,-0.5474950043,0.07878618927,0.04381907447,70.6,0
73,1.148186926,0.08583707155,0.120702062,1.126664554,0.2147105703,0.5373810466,-0.04998898965,0.186175355,0.1117814714,0.04660933834,0.5076467048,0.8695404679,-0.3227358396,0.269321773,-0.7174723089,-0.3137316362,-0.223905205,-0.2277858349,0.1791318548,-0.1483952991,-0.09111161064,-0.0954748643,-0.1667501517,-0.6534333734,0.7130203337,-0.2880352571,0.03150735234,0.0003716178356,19.77,0
74,1.038370334,0.1274861273,0.184455888,1.109949791,0.4416989004,0.9452825267,-0.03671460383,0.3509949996,0.1189495404,-0.2432892404,0.578062601,0.6747298198,-0.5342305685,0.4466013785,1.122884672,-1.768000514,1.241156963,-2.449499863,-1.747255172,-0.3355198508,0.1025197971,0.6050885302,0.02309215593,-0.6264626608,0.4791202721,-0.1669368358,0.08124671786,0.001191575675,1.18,0
74,1.038370334,0.1274861273,0.184455888,1.109949791,0.4416989004,0.9452825267,-0.03671460383,0.3509949996,0.1189495404,-0.2432892404,0.578062601,0.6747298198,-0.5342305685,0.4466013785,1.122884672,-1.768000514,1.241156963,-2.449499863,-1.747255172,-0.3355198508,0.1025197971,0.6050885302,0.02309215593,-0.6264626608,0.4791202721,-0.1669368358,0.08124671786,0.001191575675,1.18,0
74,1.038370334,0.1274861273,0.184455888,1.109949791,0.4416989004,0.9452825267,-0.03671460383,0.3509949996,0.1189495404,-0.2432892404,0.578062601,0.6747298198,-0.5342305685,0.4466013785,1.122884672,-1.768000514,1.241156963,-2.449499863,-1.747255172,-0.3355198508,0.1025197971,0.6050885302,0.02309215593,-0.6264626608,0.4791202721,-0.1669368358,0.08124671786,0.001191575675,1.18,0
74,1.038370334,0.1274861273,0.184455888,1.109949791,0.4416989004,0.9452825267,-0.03671460383,0.3509949996,0.1189495404,-0.2432892404,0.578062601,0.6747298198,-0.5342305685,0.4466013785,1.122884672,-1.768000514,1.241156963,-2.449499863,-1.747255172,-0.3355198508,0.1025197971,0.6050885302,0.02309215593,-0.6264626608,0.4791202721,-0.1669368358,0.08124671786,0.001191575675,1.18,0
75,-1.439068817,0.2676313994,3.56277034,3.481485834,-1.160100534,1.764780635,-0.5588172739,0.4420186353,0.3484307427,0.393253076,-0.9721581199,0.515885976,0.4971866483,-1.483889818,-0.8671296466,-1.020169595,1.062549722,-0.359442587,0.8806063072,-0.1731395458,0.1292572578,1.1292817,-0.006978091,0.4973373909,0.1305152662,0.5256680917,-0.08894975469,0.1132060512,81.13,0
76,-1.024576049,0.5222891059,1.787699074,0.2026721071,-1.140802866,-0.1378308061,-0.3365554771,0.6707043777,0.07167026359,-0.5189781944,0.6870664035,0.2490202665,-1.248619947,0.343492962,-0.2362997432,0.5286676729,-0.2913145137,0.8475386043,0.1294681123,-0.2789659578,0.3158675157,0.8475647937,0.1488765678,0.5497905914,-0.5851306137,0.3258407427,-0.06887144646,0.05971318498,50,0
76,-0.9971757592,0.2283653017,1.715339938,-0.4200667666,0.5608378447,0.564725048,0.8460465504,0.197490821,-0.09720187967,-0.4393468264,1.309070777,0.8597031362,-0.4763903079,-0.1423524937,-0.9749155312,-0.6069452047,0.005370971116,-0.9999653771,-0.7740964154,0.2442894478,-0.07024076204,0.01544495316,0.072651066,-0.2722717511,-0.08768151482,0.1381321225,0.125901816,-0.06302232018,86.43,0